{"v":"5.7.1","fr":25,"ip":0,"op":125,"w":400,"h":400,"nm":"sun","ddd":0,"assets":[],"layers":[{"ddd":0,"ind":1,"ty":4,"nm":"#sun","ln":"sun","sr":1,"ks":{"o":{"a":0,"k":100,"ix":11},"r":{"a":0,"k":0,"ix":10},"p":{"a":0,"k":[200,200,0],"ix":2},"a":{"a":0,"k":[0,0,0],"ix":1},"s":{"a":0,"k":[100,100,100],"ix":6}},"ao":0,"shapes":[{"ty":"gr","it":[{"d":1,"ty":"el","s":{"a":0,"k":[145,145],"ix":2},"p":{"a":0,"k":[0,0],"ix":3},"nm":"Tracé d'ellipse 1","mn":"ADBE Vector Shape - Ellipse","hd":false},{"ty":"fl","c":{"a":0,"k":[1,0.776470601559,0,1],"ix":4},"o":{"a":0,"k":100,"ix":5},"r":1,"bm":0,"nm":"Fond 1","mn":"ADBE Vector Graphic - Fill","hd":false},{"ty":"tr","p":{"a":0,"k":[0,0],"ix":2},"a":{"a":0,"k":[0,0],"ix":1},"s":{"a":0,"k":[100,100],"ix":3},"r":{"a":0,"k":0,"ix":6},"o":{"a":0,"k":100,"ix":7},"sk":{"a":0,"k":0,"ix":4},"sa":{"a":0,"k":0,"ix":5},"nm":"Transformer "}],"nm":".burn","np":2,"cix":2,"bm":0,"ix":1,"mn":"ADBE Vector Group","hd":false,"cl":"burn"},{"ty":"gr","it":[{"d":1,"ty":"el","s":{"a":1,"k":[{"i":{"x":[0.667,0.667],"y":[1,1]},"o":{"x":[0.26,0.26],"y":[0.394,0.394]},"t":0,"s":[170,170]},{"i":{"x":[0.655,0.655],"y":[0.998,0.998]},"o":{"x":[0.333,0.333],"y":[0,0]},"t":13,"s":[160,160]},{"i":{"x":[0.505,0.505],"y":[0.996,0.996]},"o":{"x":[0.364,0.364],"y":[-0.002,-0.002]},"t":38,"s":[180,180]},{"i":{"x":[0.52,0.52],"y":[0.998,0.998]},"o":{"x":[0.508,0.508],"y":[-0.005,-0.005]},"t":63,"s":[160,160]},{"i":{"x":[0.815,0.815],"y":[0.68,0.68]},"o":{"x":[0.418,0.418],"y":[0,0]},"t":88,"s":[180,180]},{"t":101,"s":[170,170]}],"ix":2},"p":{"a":0,"k":[0,0],"ix":3},"nm":"Tracé d'ellipse 1","mn":"ADBE Vector Shape - Ellipse","hd":false},{"ty":"fl","c":{"a":0,"k":[0,1,0.611764705882,1],"ix":4,"x":"var $bm_rt;\n$bm_rt = content('.burn').content('Fond 1').color;"},"o":{"a":0,"k":100,"ix":5},"r":1,"bm":0,"nm":"Fond 1","mn":"ADBE Vector Graphic - Fill","hd":false},{"ty":"tr","p":{"a":0,"k":[0,0],"ix":2},"a":{"a":0,"k":[0,0],"ix":1},"s":{"a":0,"k":[100,100],"ix":3},"r":{"a":0,"k":0,"ix":6},"o":{"a":0,"k":50,"ix":7},"sk":{"a":0,"k":0,"ix":4},"sa":{"a":0,"k":0,"ix":5},"nm":"Transformer "}],"nm":".glow1","np":2,"cix":2,"bm":0,"ix":2,"mn":"ADBE Vector Group","hd":false,"cl":"glow1"},{"ty":"gr","it":[{"d":1,"ty":"el","s":{"a":1,"k":[{"i":{"x":[0.667,0.667],"y":[1,1]},"o":{"x":[0.307,0.307],"y":[0.457,0.457]},"t":0,"s":[220,220]},{"i":{"x":[0.667,0.667],"y":[1,1]},"o":{"x":[0.333,0.333],"y":[0,0]},"t":13,"s":[240,240]},{"i":{"x":[0.667,0.667],"y":[1,1]},"o":{"x":[0.333,0.333],"y":[0,0]},"t":38,"s":[200,200]},{"i":{"x":[0.667,0.667],"y":[1,1]},"o":{"x":[0.333,0.333],"y":[0,0]},"t":63,"s":[240,240]},{"i":{"x":[0.843,0.843],"y":[0.779,0.779]},"o":{"x":[0.333,0.333],"y":[0,0]},"t":88,"s":[200,200]},{"t":101,"s":[220,220]}],"ix":2},"p":{"a":0,"k":[0,0],"ix":3},"nm":"Tracé d'ellipse 1","mn":"ADBE Vector Shape - Ellipse","hd":false},{"ty":"fl","c":{"a":0,"k":[0,1,0.611764729023,1],"ix":4,"x":"var $bm_rt;\n$bm_rt = content('.burn').content('Fond 1').color;"},"o":{"a":0,"k":100,"ix":5},"r":1,"bm":0,"nm":"Fond 1","mn":"ADBE Vector Graphic - Fill","hd":false},{"ty":"tr","p":{"a":0,"k":[0,0],"ix":2},"a":{"a":0,"k":[0,0],"ix":1},"s":{"a":0,"k":[100,100],"ix":3},"r":{"a":0,"k":0,"ix":6},"o":{"a":0,"k":20,"ix":7},"sk":{"a":0,"k":0,"ix":4},"sa":{"a":0,"k":0,"ix":5},"nm":"Transformer "}],"nm":".glow2","np":2,"cix":2,"bm":0,"ix":3,"mn":"ADBE Vector Group","hd":false,"cl":"glow2"}],"ip":0,"op":125,"st":0,"bm":0}],"markers":[{"tm":5,"cm":"#start-input","dr":0},{"tm":30,"cm":"#end-output","dr":0},{"tm":45,"cm":"#start-ring","dr":0},{"tm":65,"cm":"#end-ring","dr":0},{"tm":85,"cm":"#start-output","dr":0},{"tm":113,"cm":"#end-output","dr":0}]}